{
  "audioMuted": false,
  "audioMusicVolume": 0.026842256764536554,
  "audioEffectVolume": 0.11098157743235465
}