{
  "audioMuted": true,
  "audioMusicVolume": 0.0972222222222222,
  "audioEffectVolume": 0.18611111111111112
}